Timestamp,The work in the program is too heavy and induces a lot of pressure,The program is effective in enhancing team working abilities.,The program administration is effective in supporting learning.,The program is effective in developing analytical and problem solving skills.,The program is effective in developing independent thinking.,The program is effective in developing written communication skills.,The program is effective in developing planning abilities.,The objectives of the program have been fully achieved,Whether the contents of curriculum are advanced and meet program objectives,Faculty was able to meet the program objectives,Environment was conducive for learning,Whether the Infrastructure of the department was good.,Whether the program was comprised of Co-curricular and extra-curricular activities,Whether scholarships/ grants were available to students in case of hardship,The INTERNSHIP experience is effective in enhancing [Ability to work in teams],The INTERNSHIP experience is effective in enhancing [Independent thinking],The INTERNSHIP experience is effective in enhancing [Appreciation of ethical Values],The INTERNSHIP experience is effective in enhancing [Professional development],The INTERNSHIP experience is effective in enhancing [Time management skills],The INTERNSHIP experience is effective in enhancing [Judgment],The INTERNSHIP experience is effective in enhancing [Discipline],The INTERNSHIP experience is effective in enhancing [The link between theory and  practice]
2018/03/21 8:02:17 PM GMT+5,Uncertain,Satisfied,Satisfied,Very Satisfied,Very Satisfied,Satisfied,Very Satisfied,Satisfied,Uncertain,Satisfied,Very Satisfied,Uncertain,Satisfied,Dissatisfied,Very Satisfied,Satisfied,Satisfied,Very Satisfied,Very Satisfied,Very Satisfied,Very Satisfied,Very Satisfied
2018/03/21 9:02:34 PM GMT+5,Satisfied,Satisfied,Satisfied,Satisfied,Satisfied,Satisfied,Satisfied,Satisfied,Dissatisfied,Satisfied,Dissatisfied,Dissatisfied,Satisfied,Satisfied,Dissatisfied,Satisfied,Dissatisfied,Satisfied,Satisfied,Satisfied,Very Satisfied,Satisfied
2018/03/21 11:59:35 PM GMT+5,Dissatisfied,Dissatisfied,Uncertain,Uncertain,Dissatisfied,Uncertain,Uncertain,Uncertain,Dissatisfied,Dissatisfied,Dissatisfied,Uncertain,Dissatisfied,Dissatisfied,Satisfied,Satisfied,Uncertain,Satisfied,Very Satisfied,Very Satisfied,Very Satisfied,Very Satisfied
2018/03/22 6:42:52 AM GMT+5,Satisfied,Very Satisfied,Very Satisfied,Very Satisfied,Very Satisfied,Satisfied,Very Satisfied,Satisfied,Satisfied,Very Satisfied,Satisfied,Satisfied,Very Satisfied,Satisfied,Uncertain,Very Satisfied,Satisfied,Very Satisfied,Satisfied,Satisfied,Satisfied,Very Satisfied
2018/03/22 10:45:32 AM GMT+5,Dissatisfied,Satisfied,Very Satisfied,Satisfied,Satisfied,Satisfied,Uncertain,Satisfied,Satisfied,Satisfied,Dissatisfied,Very Satisfied,Very Satisfied,Dissatisfied,Uncertain,Uncertain,Uncertain,Uncertain,Uncertain,Uncertain,Uncertain,Uncertain
2018/03/22 10:52:30 AM GMT+5,Dissatisfied,Very Dissatisfied,Very Satisfied,Very Satisfied,Very Satisfied,Dissatisfied,Satisfied,Uncertain,Satisfied,Satisfied,Satisfied,Dissatisfied,Dissatisfied,Satisfied,Uncertain,Uncertain,Uncertain,Uncertain,Uncertain,Uncertain,Uncertain,Uncertain
2018/03/22 11:35:28 AM GMT+5,Satisfied,Satisfied,Very Satisfied,Satisfied,Satisfied,Uncertain,Uncertain,Uncertain,Satisfied,Satisfied,Satisfied,Uncertain,Uncertain,Satisfied,Very Satisfied,Satisfied,Very Satisfied,Very Satisfied,Very Satisfied,Satisfied,Very Satisfied,Very Satisfied
2018/03/22 11:42:34 AM GMT+5,Satisfied,Satisfied,Satisfied,Satisfied,Satisfied,Satisfied,Satisfied,Satisfied,Satisfied,Satisfied,Satisfied,Satisfied,Satisfied,Satisfied,Very Satisfied,Satisfied,Satisfied,Very Satisfied,Satisfied,Satisfied,Satisfied,Satisfied
2018/03/22 1:17:53 PM GMT+5,Satisfied,Satisfied,Satisfied,Satisfied,Satisfied,Satisfied,Satisfied,Satisfied,Satisfied,Satisfied,Satisfied,Satisfied,Satisfied,Satisfied,Satisfied,Satisfied,Satisfied,Satisfied,Satisfied,Satisfied,Satisfied,Satisfied
2018/03/22 1:55:00 PM GMT+5,Satisfied,Very Satisfied,Very Satisfied,Very Satisfied,Satisfied,Satisfied,Satisfied,Satisfied,Satisfied,Satisfied,Satisfied,Very Satisfied,Satisfied,Satisfied,Very Satisfied,Very Satisfied,Very Satisfied,Very Satisfied,Very Satisfied,Very Satisfied,Very Satisfied,Very Satisfied
2018/03/22 5:43:01 PM GMT+5,Satisfied,Satisfied,Satisfied,Satisfied,Satisfied,Satisfied,Satisfied,Satisfied,Satisfied,Satisfied,Satisfied,Satisfied,Satisfied,Satisfied,Uncertain,Uncertain,Uncertain,Uncertain,Uncertain,Uncertain,Uncertain,Uncertain
2018/03/22 5:49:30 PM GMT+5,Satisfied,Satisfied,Satisfied,Satisfied,Satisfied,Satisfied,Satisfied,Satisfied,Satisfied,Satisfied,Satisfied,Satisfied,Satisfied,Satisfied,Uncertain,Uncertain,Uncertain,Uncertain,Uncertain,Uncertain,Uncertain,Uncertain
2018/03/22 9:41:38 PM GMT+5,Very Dissatisfied,Very Satisfied,Very Satisfied,Satisfied,Very Satisfied,Satisfied,Very Satisfied,Satisfied,Very Satisfied,Very Satisfied,Satisfied,Very Satisfied,Satisfied,Very Satisfied,Very Satisfied,Very Satisfied,Satisfied,Very Satisfied,Very Satisfied,Satisfied,Very Satisfied,Satisfied
2018/03/22 9:42:10 PM GMT+5,Dissatisfied,Satisfied,Satisfied,Satisfied,Very Satisfied,Satisfied,Satisfied,Satisfied,Satisfied,Uncertain,Satisfied,Satisfied,Satisfied,Uncertain,Uncertain,Uncertain,Uncertain,Uncertain,Uncertain,Uncertain,Uncertain,Uncertain
2018/03/23 12:10:06 AM GMT+5,Very Satisfied,Satisfied,Satisfied,Dissatisfied,Uncertain,Uncertain,Satisfied,Uncertain,Satisfied,Uncertain,Very Dissatisfied,Satisfied,Satisfied,Very Satisfied,Satisfied,Satisfied,Satisfied,Satisfied,Satisfied,Satisfied,Satisfied,Dissatisfied
2018/03/23 8:36:32 PM GMT+5,Satisfied,Very Satisfied,Very Satisfied,Very Satisfied,Satisfied,Very Satisfied,Satisfied,Satisfied,Very Satisfied,Very Satisfied,Uncertain,Very Satisfied,Satisfied,Satisfied,Very Satisfied,Very Satisfied,Very Satisfied,Satisfied,Very Satisfied,Satisfied,Very Satisfied,Very Satisfied
2018/04/03 3:56:53 PM GMT+5,Dissatisfied,Very Satisfied,Satisfied,Uncertain,Uncertain,Very Satisfied,Very Satisfied,Satisfied,Satisfied,Satisfied,Dissatisfied,Dissatisfied,Dissatisfied,Dissatisfied,Very Satisfied,Very Satisfied,Very Satisfied,Very Satisfied,Satisfied,Satisfied,Satisfied,Satisfied
2018/04/04 3:08:19 PM GMT+5,Satisfied,Satisfied,Satisfied,Dissatisfied,Satisfied,Satisfied,Satisfied,Satisfied,Satisfied,Satisfied,Satisfied,Satisfied,Satisfied,Very Satisfied,Uncertain,Uncertain,Uncertain,Uncertain,Uncertain,Uncertain,Uncertain,Uncertain
2018/04/05 5:50:19 PM GMT+5,Very Satisfied,Very Satisfied,Very Satisfied,Very Satisfied,Very Satisfied,Very Satisfied,Very Satisfied,Very Satisfied,Very Satisfied,Very Satisfied,Very Satisfied,Very Satisfied,Very Satisfied,Very Satisfied,Very Satisfied,Very Satisfied,Very Satisfied,Very Satisfied,Very Satisfied,Very Satisfied,Very Satisfied,Very Satisfied
2018/04/14 10:56:21 AM GMT+5,Dissatisfied,Uncertain,Satisfied,Very Satisfied,Very Satisfied,Very Satisfied,Satisfied,Satisfied,Satisfied,Satisfied,Satisfied,Very Satisfied,Satisfied,Satisfied,Uncertain,Uncertain,Uncertain,Uncertain,Uncertain,Uncertain,Uncertain,Uncertain
2018/04/14 1:10:38 PM GMT+5,Dissatisfied,Satisfied,Satisfied,Dissatisfied,Dissatisfied,Dissatisfied,Uncertain,Dissatisfied,Uncertain,Dissatisfied,Uncertain,Satisfied,Very Dissatisfied,Very Satisfied,Satisfied,Very Satisfied,Satisfied,Very Satisfied,Very Satisfied,Very Satisfied,Satisfied,Very Satisfied
2018/04/14 1:56:08 PM GMT+5,Satisfied,Very Satisfied,Very Satisfied,Satisfied,Satisfied,Very Dissatisfied,Very Satisfied,Very Satisfied,Satisfied,Very Satisfied,Satisfied,Very Satisfied,Very Satisfied,Very Satisfied,Very Satisfied,Satisfied,Satisfied,Very Satisfied,Very Satisfied,Very Satisfied,Very Satisfied,Very Satisfied
2018/04/14 3:29:08 PM GMT+5,Satisfied,Very Satisfied,Satisfied,Very Satisfied,Satisfied,Very Satisfied,Uncertain,Uncertain,Very Satisfied,Very Satisfied,Satisfied,Satisfied,Very Satisfied,Satisfied,Uncertain,Uncertain,Uncertain,Uncertain,Uncertain,Uncertain,Uncertain,Uncertain
2018/04/14 3:48:52 PM GMT+5,Dissatisfied,Satisfied,Satisfied,Uncertain,Very Satisfied,Very Satisfied,Very Satisfied,Satisfied,Satisfied,Very Satisfied,Satisfied,Very Satisfied,Satisfied,Very Satisfied,Satisfied,Satisfied,Very Satisfied,Very Satisfied,Very Satisfied,Satisfied,Satisfied,Very Satisfied
2018/04/17 12:27:21 AM GMT+5,Uncertain,Satisfied,Very Satisfied,Very Satisfied,Satisfied,Very Satisfied,Satisfied,Very Satisfied,Uncertain,Very Satisfied,Satisfied,Uncertain,Satisfied,Very Satisfied,Very Satisfied,Satisfied,Uncertain,Very Satisfied,Satisfied,Satisfied,Very Satisfied,Very Satisfied
2018/04/17 12:36:34 AM GMT+5,Satisfied,Uncertain,Uncertain,Uncertain,Uncertain,Satisfied,Satisfied,Satisfied,Satisfied,Satisfied,Satisfied,Satisfied,Satisfied,Satisfied,Very Satisfied,Very Satisfied,Satisfied,Very Satisfied,Very Satisfied,Very Satisfied,Satisfied,Very Satisfied
2018/04/17 2:09:49 AM GMT+5,Uncertain,Satisfied,Satisfied,Satisfied,Satisfied,Satisfied,Uncertain,Satisfied,Satisfied,Satisfied,Very Satisfied,Satisfied,Satisfied,Satisfied,Very Satisfied,Very Satisfied,Very Satisfied,Uncertain,Very Satisfied,Satisfied,Satisfied,Satisfied
2018/04/17 9:28:05 AM GMT+5,Satisfied,Satisfied,Very Satisfied,Very Satisfied,Very Satisfied,Very Satisfied,Very Satisfied,Very Satisfied,Satisfied,Very Satisfied,Very Satisfied,Very Satisfied,Very Satisfied,Satisfied,Very Satisfied,Very Satisfied,Very Satisfied,Very Satisfied,Very Satisfied,Very Satisfied,Very Satisfied,Very Satisfied
2018/04/17 9:34:46 AM GMT+5,Very Satisfied,Satisfied,Very Satisfied,Satisfied,Satisfied,Satisfied,Very Satisfied,Very Satisfied,Uncertain,Very Satisfied,Very Satisfied,Very Satisfied,Uncertain,Very Satisfied,Very Satisfied,Satisfied,Satisfied,Very Satisfied,Very Satisfied,Satisfied,Satisfied,Satisfied
2018/04/17 10:04:32 AM GMT+5,Dissatisfied,Satisfied,Very Satisfied,Satisfied,Very Satisfied,Satisfied,Satisfied,Satisfied,Satisfied,Satisfied,Very Satisfied,Satisfied,Uncertain,Very Satisfied,Uncertain,Uncertain,Uncertain,Uncertain,Uncertain,Uncertain,Uncertain,Uncertain
2018/04/17 10:10:15 AM GMT+5,Satisfied,Very Satisfied,Very Satisfied,Very Satisfied,Very Satisfied,Satisfied,Satisfied,Very Satisfied,Satisfied,Very Satisfied,Satisfied,Very Satisfied,Satisfied,Satisfied,Satisfied,Satisfied,Uncertain,Satisfied,Uncertain,Satisfied,Satisfied,Uncertain
2018/04/17 11:54:07 AM GMT+5,Satisfied,Very Satisfied,Very Satisfied,Satisfied,Uncertain,Satisfied,Very Satisfied,Satisfied,Uncertain,Uncertain,Uncertain,Satisfied,Very Satisfied,Very Satisfied,Very Satisfied,Satisfied,Satisfied,Uncertain,Very Satisfied,Uncertain,Very Satisfied,Satisfied
2018/04/17 11:58:37 AM GMT+5,Very Satisfied,Satisfied,Very Satisfied,Very Satisfied,Uncertain,Very Satisfied,Very Satisfied,Satisfied,Very Satisfied,Uncertain,Very Satisfied,Very Satisfied,Satisfied,Very Satisfied,Very Satisfied,Satisfied,Satisfied,Very Satisfied,Uncertain,Very Satisfied,Uncertain,Very Satisfied
2018/04/17 12:54:07 PM GMT+5,Satisfied,Satisfied,Very Satisfied,Satisfied,Very Satisfied,Very Satisfied,Dissatisfied,Uncertain,Uncertain,Uncertain,Dissatisfied,Satisfied,Satisfied,Satisfied,Satisfied,Very Satisfied,Very Satisfied,Satisfied,Satisfied,Satisfied,Satisfied,Uncertain
2018/04/17 1:40:06 PM GMT+5,Dissatisfied,Satisfied,Very Satisfied,Very Satisfied,Very Satisfied,Very Satisfied,Very Satisfied,Very Satisfied,Satisfied,Very Satisfied,Very Satisfied,Very Satisfied,Satisfied,Dissatisfied,Dissatisfied,Dissatisfied,Very Satisfied,Satisfied,Uncertain,Dissatisfied,Very Satisfied,Uncertain
2018/04/17 3:24:46 PM GMT+5,Satisfied,Satisfied,Very Satisfied,Very Satisfied,Very Satisfied,Very Satisfied,Satisfied,Satisfied,Very Satisfied,Satisfied,Very Satisfied,Satisfied,Uncertain,Uncertain,Uncertain,Uncertain,Uncertain,Uncertain,Uncertain,Uncertain,Uncertain,Uncertain
2018/04/17 4:13:44 PM GMT+5,Satisfied,Satisfied,Satisfied,Uncertain,Satisfied,Satisfied,Uncertain,Uncertain,Satisfied,Uncertain,Satisfied,Uncertain,Satisfied,Satisfied,Satisfied,Satisfied,Satisfied,Satisfied,Satisfied,Satisfied,Satisfied,Satisfied
2018/04/17 8:41:49 PM GMT+5,Very Satisfied,Very Satisfied,Satisfied,Very Satisfied,Uncertain,Satisfied,Satisfied,Satisfied,Satisfied,Very Satisfied,Very Satisfied,Very Satisfied,Satisfied,Satisfied,Very Satisfied,Very Satisfied,Satisfied,Satisfied,Satisfied,Satisfied,Very Satisfied,Very Satisfied
2018/04/17 11:13:49 PM GMT+5,Very Satisfied,Satisfied,Satisfied,Satisfied,Very Satisfied,Satisfied,Satisfied,Satisfied,Satisfied,Satisfied,Satisfied,Satisfied,Satisfied,Satisfied,Uncertain,Uncertain,Uncertain,Uncertain,Uncertain,Uncertain,Uncertain,Uncertain
2018/04/17 11:17:04 PM GMT+5,Satisfied,Satisfied,Satisfied,Very Satisfied,Satisfied,Very Satisfied,Satisfied,Satisfied,Satisfied,Uncertain,Very Satisfied,Satisfied,Very Satisfied,Satisfied,Uncertain,Uncertain,Uncertain,Uncertain,Uncertain,Uncertain,Uncertain,Uncertain
2018/04/18 1:32:05 AM GMT+5,Satisfied,Satisfied,Very Satisfied,Very Satisfied,Very Satisfied,Very Satisfied,Satisfied,Satisfied,Satisfied,Very Satisfied,Very Satisfied,Very Satisfied,Satisfied,Very Dissatisfied,Satisfied,Very Satisfied,Satisfied,Satisfied,Satisfied,Dissatisfied,Satisfied,Satisfied
2018/04/18 9:49:50 AM GMT+5,Satisfied,Very Satisfied,Satisfied,Satisfied,Very Satisfied,Very Satisfied,Satisfied,Satisfied,Satisfied,Uncertain,Satisfied,Uncertain,Uncertain,Uncertain,Very Satisfied,Satisfied,Uncertain,Uncertain,Uncertain,Uncertain,Uncertain,Uncertain
2018/04/18 8:15:06 PM GMT+5,Satisfied,Satisfied,Satisfied,Satisfied,Satisfied,Dissatisfied,Satisfied,Uncertain,Uncertain,Satisfied,Satisfied,Satisfied,Uncertain,Satisfied,Uncertain,Uncertain,Uncertain,Uncertain,Uncertain,Uncertain,Uncertain,Uncertain
2018/04/19 9:06:23 AM GMT+5,Satisfied,Satisfied,Satisfied,Uncertain,Satisfied,Satisfied,Uncertain,Uncertain,Satisfied,Uncertain,Satisfied,Uncertain,Satisfied,Satisfied,Satisfied,Satisfied,Satisfied,Satisfied,Satisfied,Satisfied,Satisfied,Satisfied
2018/04/19 9:35:35 AM GMT+5,Very Satisfied,Very Satisfied,Dissatisfied,Satisfied,Uncertain,Uncertain,Uncertain,Dissatisfied,Uncertain,Very Dissatisfied,Satisfied,Dissatisfied,Very Dissatisfied,Satisfied,Satisfied,Uncertain,Uncertain,Satisfied,Satisfied,Uncertain,Satisfied,Uncertain
2018/04/19 11:21:36 AM GMT+5,Satisfied,Satisfied,Satisfied,Uncertain,Satisfied,Satisfied,Uncertain,Uncertain,Satisfied,Uncertain,Satisfied,Uncertain,Satisfied,Satisfied,Satisfied,Satisfied,Satisfied,Satisfied,Satisfied,Satisfied,Satisfied,Satisfied
2018/04/19 8:06:54 PM GMT+5,Very Satisfied,Satisfied,Uncertain,Very Satisfied,Satisfied,Satisfied,Very Satisfied,Uncertain,Uncertain,Very Satisfied,Satisfied,Dissatisfied,Dissatisfied,Very Satisfied,Satisfied,Very Satisfied,Uncertain,Very Satisfied,Satisfied,Very Satisfied,Satisfied,Dissatisfied
2018/04/19 8:23:32 PM GMT+5,Satisfied,Very Satisfied,Very Satisfied,Dissatisfied,Satisfied,Satisfied,Very Satisfied,Satisfied,Satisfied,Dissatisfied,Dissatisfied,Satisfied,Satisfied,Satisfied,Satisfied,Very Satisfied,Very Satisfied,Very Satisfied,Very Satisfied,Satisfied,Very Satisfied,Satisfied
2018/04/19 8:30:41 PM GMT+5,Uncertain,Very Satisfied,Very Satisfied,Very Satisfied,Very Satisfied,Satisfied,Satisfied,Dissatisfied,Uncertain,Uncertain,Satisfied,Satisfied,Satisfied,Uncertain,Uncertain,Uncertain,Uncertain,Uncertain,Uncertain,Uncertain,Uncertain,Uncertain
2018/04/19 8:30:42 PM GMT+5,Uncertain,Very Satisfied,Very Satisfied,Very Satisfied,Very Satisfied,Satisfied,Satisfied,Dissatisfied,Uncertain,Uncertain,Satisfied,Satisfied,Satisfied,Uncertain,Uncertain,Uncertain,Uncertain,Uncertain,Uncertain,Uncertain,Uncertain,Uncertain
2018/04/19 8:32:57 PM GMT+5,Satisfied,Satisfied,Satisfied,Very Satisfied,Satisfied,Satisfied,Satisfied,Very Satisfied,Satisfied,Very Satisfied,Very Satisfied,Very Satisfied,Very Satisfied,Satisfied,Very Satisfied,Very Satisfied,Satisfied,Very Satisfied,Very Satisfied,Satisfied,Satisfied,Satisfied
2018/04/19 8:39:12 PM GMT+5,Uncertain,Very Satisfied,Satisfied,Very Satisfied,Very Satisfied,Satisfied,Satisfied,Satisfied,Uncertain,Satisfied,Satisfied,Satisfied,Satisfied,Satisfied,Satisfied,Satisfied,Satisfied,Satisfied,Satisfied,Satisfied,Satisfied,Very Satisfied
2018/04/19 8:56:12 PM GMT+5,Very Satisfied,Very Satisfied,Very Satisfied,Very Satisfied,Very Satisfied,Very Satisfied,Very Satisfied,Very Satisfied,Very Satisfied,Very Satisfied,Very Satisfied,Very Satisfied,Uncertain,Very Satisfied,Very Satisfied,Very Satisfied,Very Satisfied,Very Satisfied,Very Satisfied,Very Satisfied,Very Satisfied,Very Satisfied
2018/04/19 9:10:12 PM GMT+5,Satisfied,Satisfied,Satisfied,Satisfied,Satisfied,Satisfied,Satisfied,Satisfied,Very Satisfied,Satisfied,Satisfied,Satisfied,Satisfied,Satisfied,Uncertain,Uncertain,Uncertain,Uncertain,Uncertain,Uncertain,Uncertain,Uncertain
2018/04/19 9:11:57 PM GMT+5,Very Satisfied,Satisfied,Satisfied,Satisfied,Satisfied,Very Satisfied,Satisfied,Satisfied,Satisfied,Satisfied,Satisfied,Satisfied,Satisfied,Satisfied,Uncertain,Uncertain,Uncertain,Uncertain,Uncertain,Uncertain,Uncertain,Uncertain
2018/04/19 9:15:46 PM GMT+5,Satisfied,Uncertain,Uncertain,Very Satisfied,Very Satisfied,Very Satisfied,Very Satisfied,Very Satisfied,Very Satisfied,Very Satisfied,Very Satisfied,Very Satisfied,Very Satisfied,Very Satisfied,Very Satisfied,Very Satisfied,Very Satisfied,Very Satisfied,Very Satisfied,Very Satisfied,Very Satisfied,Very Satisfied
2018/04/19 9:23:06 PM GMT+5,Uncertain,Satisfied,Satisfied,Satisfied,Uncertain,Dissatisfied,Uncertain,Dissatisfied,Very Dissatisfied,Uncertain,Satisfied,Dissatisfied,Dissatisfied,Dissatisfied,Satisfied,Satisfied,Satisfied,Satisfied,Uncertain,Uncertain,Uncertain,Satisfied
2018/04/19 9:59:28 PM GMT+5,Dissatisfied,Satisfied,Very Satisfied,Satisfied,Satisfied,Satisfied,Satisfied,Satisfied,Satisfied,Very Satisfied,Uncertain,Dissatisfied,Dissatisfied,Uncertain,Very Satisfied,Satisfied,Satisfied,Very Satisfied,Very Satisfied,Very Satisfied,Very Satisfied,Satisfied
2018/04/19 10:19:03 PM GMT+5,Satisfied,Very Satisfied,Very Satisfied,Very Satisfied,Satisfied,Satisfied,Very Satisfied,Satisfied,Satisfied,Very Satisfied,Satisfied,Satisfied,Very Satisfied,Very Satisfied,Satisfied,Satisfied,Satisfied,Very Satisfied,Very Satisfied,Satisfied,Satisfied,Very Satisfied
2018/04/19 10:48:51 PM GMT+5,Satisfied,Uncertain,Satisfied,Very Satisfied,Uncertain,Satisfied,Very Satisfied,Very Satisfied,Very Satisfied,Very Satisfied,Satisfied,Very Satisfied,Satisfied,Satisfied,Satisfied,Satisfied,Satisfied,Satisfied,Satisfied,Satisfied,Satisfied,Satisfied
2018/04/19 10:53:48 PM GMT+5,Very Satisfied,Very Satisfied,Satisfied,Very Satisfied,Satisfied,Satisfied,Very Satisfied,Satisfied,Uncertain,Satisfied,Dissatisfied,Very Dissatisfied,Very Satisfied,Very Satisfied,Satisfied,Satisfied,Satisfied,Uncertain,Satisfied,Satisfied,Very Satisfied,Very Satisfied
2018/04/19 11:20:36 PM GMT+5,Satisfied,Satisfied,Satisfied,Very Satisfied,Very Satisfied,Uncertain,Uncertain,Satisfied,Uncertain,Dissatisfied,Uncertain,Dissatisfied,Uncertain,Satisfied,Very Satisfied,Very Satisfied,Satisfied,Satisfied,Very Satisfied,Very Satisfied,Satisfied,Very Satisfied
2018/04/19 11:29:21 PM GMT+5,Dissatisfied,Satisfied,Satisfied,Satisfied,Uncertain,Uncertain,Satisfied,Uncertain,Very Satisfied,Satisfied,Satisfied,Satisfied,Uncertain,Satisfied,Satisfied,Uncertain,Uncertain,Satisfied,Satisfied,Satisfied,Satisfied,Satisfied
2018/04/20 12:16:25 AM GMT+5,Satisfied,Satisfied,Satisfied,Very Satisfied,Very Satisfied,Satisfied,Very Satisfied,Uncertain,Satisfied,Satisfied,Very Satisfied,Dissatisfied,Uncertain,Dissatisfied,Uncertain,Uncertain,Uncertain,Uncertain,Uncertain,Uncertain,Uncertain,Uncertain
2018/04/20 1:24:11 AM GMT+5,Very Satisfied,Very Dissatisfied,Very Satisfied,Very Satisfied,Satisfied,Very Satisfied,Very Satisfied,Uncertain,Very Satisfied,Satisfied,Uncertain,Very Satisfied,Very Satisfied,Satisfied,Satisfied,Very Satisfied,Very Satisfied,Very Satisfied,Very Satisfied,Very Satisfied,Very Satisfied,Satisfied
2018/04/20 3:29:16 PM GMT+5,Satisfied,Very Satisfied,Very Satisfied,Satisfied,Satisfied,Satisfied,Satisfied,Uncertain,Satisfied,Satisfied,Very Satisfied,Uncertain,Very Satisfied,Very Satisfied,Uncertain,Uncertain,Uncertain,Uncertain,Uncertain,Uncertain,Uncertain,Uncertain
2018/04/20 8:03:04 PM GMT+5,Uncertain,Very Satisfied,Very Satisfied,Satisfied,Satisfied,Satisfied,Satisfied,Satisfied,Dissatisfied,Very Satisfied,Satisfied,Very Dissatisfied,Satisfied,Very Satisfied,Satisfied,Very Satisfied,Very Satisfied,Satisfied,Satisfied,Satisfied,Satisfied,Very Satisfied
2018/04/20 8:11:20 PM GMT+5,Satisfied,Very Satisfied,Very Dissatisfied,Very Satisfied,Satisfied,Very Dissatisfied,Very Satisfied,Satisfied,Very Dissatisfied,Satisfied,Satisfied,Very Dissatisfied,Dissatisfied,Very Satisfied,Satisfied,Satisfied,Uncertain,Very Satisfied,Very Satisfied,Satisfied,Satisfied,Very Satisfied
2018/04/20 8:32:22 PM GMT+5,Uncertain,Satisfied,Satisfied,Very Satisfied,Very Satisfied,Dissatisfied,Very Satisfied,Satisfied,Satisfied,Very Satisfied,Very Satisfied,Very Satisfied,Uncertain,Satisfied,Very Satisfied,Satisfied,Very Satisfied,Satisfied,Satisfied,Very Satisfied,Very Satisfied,Very Satisfied
2018/04/20 8:43:55 PM GMT+5,Very Satisfied,Satisfied,Very Satisfied,Very Satisfied,Satisfied,Uncertain,Satisfied,Satisfied,Uncertain,Very Satisfied,Satisfied,Satisfied,Dissatisfied,Satisfied,Very Satisfied,Satisfied,Dissatisfied,Very Satisfied,Satisfied,Uncertain,Satisfied,Very Satisfied
2018/04/20 8:57:46 PM GMT+5,Very Satisfied,Satisfied,Very Satisfied,Satisfied,Satisfied,Uncertain,Satisfied,Satisfied,Uncertain,Very Satisfied,Satisfied,Satisfied,Dissatisfied,Satisfied,Very Satisfied,Satisfied,Satisfied,Very Satisfied,Satisfied,Uncertain,Satisfied,Satisfied
2018/04/20 9:19:37 PM GMT+5,Very Satisfied,Satisfied,Satisfied,Satisfied,Very Satisfied,Satisfied,Uncertain,Satisfied,Satisfied,Satisfied,Satisfied,Uncertain,Dissatisfied,Satisfied,Uncertain,Uncertain,Uncertain,Uncertain,Uncertain,Uncertain,Uncertain,Uncertain
2018/04/20 9:27:16 PM GMT+5,Satisfied,Satisfied,Very Satisfied,Satisfied,Satisfied,Satisfied,Very Satisfied,Satisfied,Satisfied,Satisfied,Very Satisfied,Very Satisfied,Very Satisfied,Satisfied,Satisfied,Very Satisfied,Very Satisfied,Very Satisfied,Very Satisfied,Very Satisfied,Satisfied,Satisfied
2018/04/20 10:04:12 PM GMT+5,Satisfied,Very Satisfied,Satisfied,Very Satisfied,Very Satisfied,Very Satisfied,Satisfied,Very Dissatisfied,Uncertain,Dissatisfied,Very Dissatisfied,Dissatisfied,Uncertain,Satisfied,Uncertain,Uncertain,Uncertain,Uncertain,Uncertain,Uncertain,Uncertain,Uncertain
2018/04/20 11:01:27 PM GMT+5,Dissatisfied,Very Satisfied,Very Satisfied,Very Satisfied,Very Satisfied,Satisfied,Very Satisfied,Very Satisfied,Very Satisfied,Very Satisfied,Satisfied,Very Satisfied,Uncertain,Satisfied,Uncertain,Uncertain,Uncertain,Uncertain,Uncertain,Uncertain,Uncertain,Uncertain
2018/04/21 12:53:29 AM GMT+5,Satisfied,Satisfied,Very Satisfied,Very Satisfied,Very Satisfied,Satisfied,Satisfied,Satisfied,Uncertain,Satisfied,Satisfied,Uncertain,Satisfied,Satisfied,Satisfied,Satisfied,Satisfied,Satisfied,Very Satisfied,Satisfied,Satisfied,Satisfied
2018/04/21 1:58:47 AM GMT+5,Very Satisfied,Satisfied,Very Satisfied,Satisfied,Uncertain,Satisfied,Very Satisfied,Very Satisfied,Very Satisfied,Uncertain,Satisfied,Dissatisfied,Satisfied,Satisfied,Very Satisfied,Dissatisfied,Very Satisfied,Satisfied,Very Satisfied,Satisfied,Satisfied,Uncertain
2018/04/21 12:07:59 PM GMT+5,Satisfied,Dissatisfied,Satisfied,Uncertain,Satisfied,Satisfied,Satisfied,Satisfied,Dissatisfied,Satisfied,Satisfied,Dissatisfied,Dissatisfied,Uncertain,Uncertain,Uncertain,Uncertain,Uncertain,Uncertain,Uncertain,Uncertain,Uncertain
2018/04/21 2:17:48 PM GMT+5,Satisfied,Uncertain,Satisfied,Satisfied,Satisfied,Uncertain,Uncertain,Uncertain,Uncertain,Satisfied,Uncertain,Uncertain,Uncertain,Uncertain,Satisfied,Satisfied,Satisfied,Satisfied,Satisfied,Satisfied,Satisfied,Very Satisfied
2018/04/21 2:25:06 PM GMT+5,Uncertain,Satisfied,Satisfied,Satisfied,Very Satisfied,Very Satisfied,Satisfied,Satisfied,Uncertain,Satisfied,Satisfied,Satisfied,Very Satisfied,Very Satisfied,Very Satisfied,Very Satisfied,Very Satisfied,Very Satisfied,Very Satisfied,Very Satisfied,Satisfied,Very Satisfied
2018/04/25 6:17:32 PM GMT+5,Satisfied,Satisfied,Very Satisfied,Very Satisfied,Very Satisfied,Satisfied,Very Satisfied,Uncertain,Uncertain,Satisfied,Satisfied,Dissatisfied,Satisfied,Very Satisfied,Uncertain,Uncertain,Uncertain,Uncertain,Uncertain,Uncertain,Uncertain,Uncertain
2018/05/27 3:53:08 PM GMT+5,Satisfied,Very Satisfied,Satisfied,Satisfied,Very Satisfied,Uncertain,Satisfied,Uncertain,Satisfied,Very Satisfied,Very Satisfied,Satisfied,Very Satisfied,Satisfied,Uncertain,Uncertain,Uncertain,Uncertain,Uncertain,Uncertain,Uncertain,Uncertain
2018/05/27 4:07:17 PM GMT+5,Satisfied,Satisfied,Satisfied,Satisfied,Satisfied,Satisfied,Satisfied,Satisfied,Satisfied,Satisfied,Satisfied,Uncertain,Satisfied,Uncertain,Satisfied,Satisfied,Satisfied,Very Satisfied,Satisfied,Satisfied,Satisfied,Satisfied
2018/05/27 4:16:43 PM GMT+5,Uncertain,Very Satisfied,Satisfied,Satisfied,Dissatisfied,Satisfied,Uncertain,Uncertain,Very Satisfied,Dissatisfied,Dissatisfied,Very Satisfied,Dissatisfied,Uncertain,Very Satisfied,Uncertain,Satisfied,Very Satisfied,Very Satisfied,Satisfied,Satisfied,Very Satisfied
2018/05/27 4:16:55 PM GMT+5,Dissatisfied,Uncertain,Very Satisfied,Very Satisfied,Satisfied,Satisfied,Dissatisfied,Satisfied,Uncertain,Very Satisfied,Very Satisfied,Satisfied,Satisfied,Satisfied,Satisfied,Satisfied,Uncertain,Very Satisfied,Satisfied,Satisfied,Very Satisfied,Very Satisfied
2018/05/27 5:01:26 PM GMT+5,Satisfied,Satisfied,Very Satisfied,Satisfied,Uncertain,Satisfied,Satisfied,Satisfied,Satisfied,Uncertain,Satisfied,Satisfied,Satisfied,Satisfied,Satisfied,Very Satisfied,Very Satisfied,Satisfied,Satisfied,Uncertain,Uncertain,Dissatisfied
2018/05/27 5:28:46 PM GMT+5,Satisfied,Satisfied,Satisfied,Satisfied,Uncertain,Satisfied,Uncertain,Satisfied,Uncertain,Satisfied,Satisfied,Uncertain,Satisfied,Satisfied,Uncertain,Satisfied,Uncertain,Satisfied,Uncertain,Uncertain,Uncertain,Satisfied
2018/05/27 6:56:33 PM GMT+5,Uncertain,Very Satisfied,Very Satisfied,Satisfied,Satisfied,Satisfied,Satisfied,Very Satisfied,Satisfied,Very Satisfied,Very Satisfied,Satisfied,Satisfied,Satisfied,Uncertain,Uncertain,Uncertain,Uncertain,Uncertain,Uncertain,Uncertain,Uncertain
2018/05/27 7:00:36 PM GMT+5,Satisfied,Satisfied,Satisfied,Satisfied,Satisfied,Satisfied,Satisfied,Uncertain,Uncertain,Satisfied,Satisfied,Satisfied,Satisfied,Satisfied,Uncertain,Uncertain,Uncertain,Uncertain,Uncertain,Uncertain,Uncertain,Uncertain
2018/05/27 8:01:30 PM GMT+5,Dissatisfied,Dissatisfied,Dissatisfied,Dissatisfied,Dissatisfied,Dissatisfied,Very Dissatisfied,Dissatisfied,Dissatisfied,Dissatisfied,Dissatisfied,Dissatisfied,Dissatisfied,Dissatisfied,Dissatisfied,Dissatisfied,Dissatisfied,Dissatisfied,Dissatisfied,Dissatisfied,Dissatisfied,Dissatisfied
2018/05/27 8:21:13 PM GMT+5,Uncertain,Very Satisfied,Very Satisfied,Very Satisfied,Very Satisfied,Very Satisfied,Very Satisfied,Very Satisfied,Very Satisfied,Very Satisfied,Very Satisfied,Very Satisfied,Very Satisfied,Dissatisfied,Very Satisfied,Very Satisfied,Very Satisfied,Very Satisfied,Very Satisfied,Very Satisfied,Very Satisfied,Very Satisfied
2018/05/27 9:09:22 PM GMT+5,Uncertain,Satisfied,Satisfied,Satisfied,Uncertain,Uncertain,Uncertain,Satisfied,Satisfied,Satisfied,Satisfied,Satisfied,Satisfied,Satisfied,Satisfied,Satisfied,Uncertain,Satisfied,Satisfied,Satisfied,Satisfied,Satisfied
2018/05/27 10:17:55 PM GMT+5,Uncertain,Very Satisfied,Very Satisfied,Satisfied,Very Satisfied,Very Satisfied,Very Satisfied,Very Satisfied,Very Satisfied,Very Satisfied,Very Satisfied,Very Satisfied,Satisfied,Uncertain,Satisfied,Satisfied,Very Satisfied,Very Satisfied,Satisfied,Satisfied,Very Satisfied,Very Satisfied
2018/05/27 10:18:12 PM GMT+5,Uncertain,Very Satisfied,Very Satisfied,Satisfied,Very Satisfied,Very Satisfied,Very Satisfied,Very Satisfied,Very Satisfied,Very Satisfied,Very Satisfied,Very Satisfied,Satisfied,Uncertain,Satisfied,Satisfied,Very Satisfied,Very Satisfied,Satisfied,Satisfied,Very Satisfied,Very Satisfied
2018/05/27 10:51:29 PM GMT+5,Uncertain,Satisfied,Satisfied,Satisfied,Uncertain,Satisfied,Satisfied,Satisfied,Satisfied,Satisfied,Satisfied,Satisfied,Uncertain,Satisfied,Satisfied,Satisfied,Satisfied,Satisfied,Satisfied,Satisfied,Satisfied,Satisfied
2018/05/28 9:25:08 AM GMT+5,Very Satisfied,Satisfied,Very Satisfied,Uncertain,Very Satisfied,Satisfied,Very Satisfied,Satisfied,Uncertain,Very Satisfied,Satisfied,Uncertain,Very Satisfied,Satisfied,Very Satisfied,Satisfied,Satisfied,Uncertain,Satisfied,Very Satisfied,Very Satisfied,Uncertain
2018/05/28 10:02:34 AM GMT+5,Uncertain,Satisfied,Satisfied,Very Satisfied,Very Satisfied,Satisfied,Satisfied,Very Satisfied,Uncertain,Uncertain,Satisfied,Satisfied,Uncertain,Very Satisfied,Satisfied,Very Satisfied,Satisfied,Satisfied,Very Satisfied,Satisfied,Very Satisfied,Very Satisfied
2018/05/28 11:11:08 AM GMT+5,Satisfied,Very Satisfied,Very Satisfied,Satisfied,Satisfied,Very Satisfied,Satisfied,Very Satisfied,Satisfied,Very Satisfied,Very Satisfied,Very Satisfied,Satisfied,Very Satisfied,Very Satisfied,Satisfied,Satisfied,Satisfied,Very Satisfied,Satisfied,Very Satisfied,Satisfied
2018/05/28 3:39:30 PM GMT+5,Satisfied,Very Satisfied,Satisfied,Very Satisfied,Very Satisfied,Very Satisfied,Satisfied,Satisfied,Very Satisfied,Satisfied,Satisfied,Satisfied,Very Satisfied,Very Satisfied,Uncertain,Uncertain,Uncertain,Uncertain,Uncertain,Uncertain,Uncertain,Uncertain
2018/05/29 1:27:11 PM GMT+5,Satisfied,Uncertain,Uncertain,Dissatisfied,Very Satisfied,Dissatisfied,Dissatisfied,Very Satisfied,Very Satisfied,Satisfied,Very Satisfied,Satisfied,Satisfied,Dissatisfied,Uncertain,Uncertain,Uncertain,Uncertain,Uncertain,Uncertain,Uncertain,Uncertain
2018/05/29 3:47:23 PM GMT+5,Satisfied,Very Satisfied,Very Satisfied,Satisfied,Very Satisfied,Uncertain,Satisfied,Uncertain,Satisfied,Satisfied,Very Satisfied,Satisfied,Very Satisfied,Satisfied,Uncertain,Uncertain,Uncertain,Uncertain,Uncertain,Uncertain,Uncertain,Uncertain
2018/05/29 7:41:49 PM GMT+5,Satisfied,Satisfied,Very Satisfied,Satisfied,Satisfied,Very Satisfied,Uncertain,Dissatisfied,Very Dissatisfied,Satisfied,Satisfied,Very Satisfied,Satisfied,Satisfied,Very Satisfied,Very Satisfied,Satisfied,Satisfied,Very Satisfied,Very Satisfied,Satisfied,Satisfied
2018/05/29 8:19:14 PM GMT+5,Dissatisfied,Satisfied,Satisfied,Uncertain,Uncertain,Satisfied,Uncertain,Uncertain,Satisfied,Uncertain,Satisfied,Uncertain,Satisfied,Satisfied,Satisfied,Uncertain,Satisfied,Satisfied,Satisfied,Uncertain,Satisfied,Dissatisfied
2018/05/29 8:44:11 PM GMT+5,Dissatisfied,Satisfied,Satisfied,Dissatisfied,Uncertain,Dissatisfied,Uncertain,Dissatisfied,Satisfied,Satisfied,Dissatisfied,Uncertain,Satisfied,Very Satisfied,Very Satisfied,Satisfied,Satisfied,Very Satisfied,Satisfied,Satisfied,Satisfied,Satisfied
2018/05/29 9:07:04 PM GMT+5,Dissatisfied,Uncertain,Satisfied,Satisfied,Satisfied,Satisfied,Satisfied,Satisfied,Uncertain,Satisfied,Satisfied,Satisfied,Satisfied,Satisfied,Uncertain,Uncertain,Uncertain,Uncertain,Uncertain,Uncertain,Uncertain,Uncertain
2018/05/29 9:10:49 PM GMT+5,Dissatisfied,Satisfied,Satisfied,Satisfied,Satisfied,Satisfied,Satisfied,Satisfied,Satisfied,Satisfied,Satisfied,Satisfied,Satisfied,Satisfied,Uncertain,Uncertain,Uncertain,Uncertain,Uncertain,Uncertain,Uncertain,Uncertain
2018/05/29 10:31:12 PM GMT+5,Satisfied,Satisfied,Satisfied,Very Satisfied,Uncertain,Dissatisfied,Uncertain,Uncertain,Satisfied,Satisfied,Very Satisfied,Very Satisfied,Uncertain,Very Dissatisfied,Uncertain,Uncertain,Uncertain,Uncertain,Uncertain,Uncertain,Uncertain,Uncertain
2018/05/30 8:03:40 PM GMT+5,Very Satisfied,Very Satisfied,Very Satisfied,Very Satisfied,Very Satisfied,Very Satisfied,Very Satisfied,Satisfied,Satisfied,Very Satisfied,Satisfied,Satisfied,Very Satisfied,Satisfied,Very Satisfied,Satisfied,Satisfied,Satisfied,Satisfied,Uncertain,Satisfied,Satisfied
2018/05/30 8:16:07 PM GMT+5,Satisfied,Very Satisfied,Very Satisfied,Satisfied,Uncertain,Uncertain,Satisfied,Satisfied,Satisfied,Very Satisfied,Satisfied,Uncertain,Satisfied,Very Satisfied,Uncertain,Uncertain,Uncertain,Uncertain,Uncertain,Uncertain,Uncertain,Uncertain
2018/05/30 10:07:32 PM GMT+5,Satisfied,Very Satisfied,Very Satisfied,Very Satisfied,Very Satisfied,Very Satisfied,Very Satisfied,Very Satisfied,Satisfied,Satisfied,Satisfied,Satisfied,Uncertain,Uncertain,Uncertain,Uncertain,Uncertain,Uncertain,Uncertain,Uncertain,Uncertain,Uncertain
2018/05/31 2:13:24 PM GMT+5,Uncertain,Satisfied,Very Satisfied,Satisfied,Satisfied,Very Satisfied,Satisfied,Satisfied,Satisfied,Very Satisfied,Satisfied,Satisfied,Satisfied,Satisfied,Uncertain,Uncertain,Uncertain,Uncertain,Uncertain,Uncertain,Uncertain,Uncertain
2018/06/02 4:19:55 PM GMT+5,Satisfied,Dissatisfied,Satisfied,Dissatisfied,Dissatisfied,Very Satisfied,Dissatisfied,Satisfied,Satisfied,Very Satisfied,Uncertain,Uncertain,Very Dissatisfied,Very Satisfied,Uncertain,Uncertain,Uncertain,Uncertain,Uncertain,Uncertain,Uncertain,Uncertain
2018/06/02 6:44:09 PM GMT+5,Very Satisfied,Satisfied,Dissatisfied,Satisfied,Very Satisfied,Uncertain,Satisfied,Uncertain,Satisfied,Uncertain,Satisfied,Satisfied,Dissatisfied,Very Satisfied,Very Satisfied,Very Satisfied,Satisfied,Very Satisfied,Very Satisfied,Satisfied,Satisfied,Very Satisfied
2018/06/08 1:59:35 AM GMT+5,Uncertain,Satisfied,Satisfied,Very Satisfied,Satisfied,Satisfied,Satisfied,Uncertain,Satisfied,Satisfied,Uncertain,Dissatisfied,Dissatisfied,Uncertain,Very Satisfied,Satisfied,Very Satisfied,Satisfied,Very Satisfied,Uncertain,Satisfied,Satisfied
2018/06/10 5:43:15 PM GMT+5,Satisfied,Very Satisfied,Very Satisfied,Satisfied,Satisfied,Satisfied,Satisfied,Very Satisfied,Very Satisfied,Satisfied,Satisfied,Satisfied,Uncertain,Satisfied,Uncertain,Uncertain,Uncertain,Uncertain,Uncertain,Uncertain,Uncertain,Uncertain
2018/07/14 12:12:06 AM GMT+5,Satisfied,Uncertain,Dissatisfied,Dissatisfied,Dissatisfied,Uncertain,Satisfied,Satisfied,Satisfied,Dissatisfied,Uncertain,Uncertain,Uncertain,Uncertain,Satisfied,Satisfied,Uncertain,Dissatisfied,Uncertain,Dissatisfied,Uncertain,Dissatisfied
2018/07/27 11:21:58 PM GMT+5,Satisfied,Very Satisfied,Very Satisfied,Satisfied,Satisfied,Satisfied,Satisfied,Satisfied,Satisfied,Satisfied,Satisfied,Satisfied,Satisfied,Satisfied,Satisfied,Satisfied,Satisfied,Satisfied,Satisfied,Very Satisfied,Satisfied,Uncertain
2019/04/11 12:55:04 PM GMT+5,Satisfied,Satisfied,Satisfied,Satisfied,Satisfied,Very Satisfied,Very Satisfied,Satisfied,Satisfied,Satisfied,Satisfied,Satisfied,Satisfied,Satisfied,Satisfied,Satisfied,Satisfied,Satisfied,Very Satisfied,Satisfied,Satisfied,Satisfied
2019/04/11 12:55:41 PM GMT+5,Satisfied,Very Satisfied,Very Satisfied,Satisfied,Satisfied,Satisfied,Satisfied,Satisfied,Satisfied,Satisfied,Satisfied,Satisfied,Satisfied,Satisfied,Satisfied,Satisfied,Satisfied,Satisfied,Very Satisfied,Satisfied,Satisfied,Satisfied
2019/04/11 12:58:58 PM GMT+5,Very Satisfied,Satisfied,Satisfied,Very Satisfied,Satisfied,Satisfied,Very Satisfied,Satisfied,Very Satisfied,Satisfied,Satisfied,Satisfied,Satisfied,Very Satisfied,Satisfied,Very Satisfied,Satisfied,Satisfied,Very Satisfied,Satisfied,Satisfied,Satisfied
2019/05/03 12:45:47 PM GMT+5,Very Satisfied,Very Dissatisfied,Very Satisfied,Very Satisfied,Satisfied,Very Satisfied,Dissatisfied,Dissatisfied,Uncertain,Very Satisfied,Very Satisfied,Very Satisfied,Satisfied,Uncertain,Very Satisfied,Satisfied,Uncertain,Very Satisfied,Satisfied,Uncertain,Satisfied,Very Satisfied
2019/05/03 7:18:56 PM GMT+5,Satisfied,Very Satisfied,Dissatisfied,Satisfied,Very Satisfied,Satisfied,Very Satisfied,Very Satisfied,Satisfied,Satisfied,Uncertain,Uncertain,Uncertain,Uncertain,Very Satisfied,Very Satisfied,Very Satisfied,Very Satisfied,Dissatisfied,Uncertain,Dissatisfied,Satisfied
2019/05/03 7:42:05 PM GMT+5,Dissatisfied,Very Satisfied,Uncertain,Very Satisfied,Satisfied,Very Satisfied,Very Satisfied,Uncertain,Very Satisfied,Uncertain,Satisfied,Uncertain,Satisfied,Very Dissatisfied,Very Satisfied,Satisfied,Satisfied,Very Satisfied,Satisfied,Uncertain,Satisfied,Satisfied
2019/05/09 3:00:12 PM GMT+5,Satisfied,Satisfied,Satisfied,Very Satisfied,Satisfied,Very Satisfied,Satisfied,Satisfied,Uncertain,Satisfied,Very Satisfied,Satisfied,Satisfied,Satisfied,Satisfied,Uncertain,Satisfied,Very Satisfied,Satisfied,Satisfied,Uncertain,Very Satisfied
2019/05/11 6:59:23 PM GMT+5,Satisfied,Satisfied,Satisfied,Very Satisfied,Very Satisfied,Very Satisfied,Very Satisfied,Satisfied,Satisfied,Satisfied,Very Satisfied,Very Satisfied,Satisfied,Satisfied,Satisfied,Very Satisfied,Satisfied,Very Satisfied,Very Satisfied,Very Satisfied,Very Satisfied,Satisfied
2019/05/14 9:52:56 AM GMT+5,Satisfied,Uncertain,Uncertain,Satisfied,Satisfied,Satisfied,Very Satisfied,Very Satisfied,Very Satisfied,Very Satisfied,Very Satisfied,Very Satisfied,Satisfied,Satisfied,Satisfied,Satisfied,Satisfied,Very Satisfied,Very Satisfied,Very Satisfied,Satisfied,Very Satisfied
2019/05/15 10:10:10 AM GMT+5,Satisfied,Very Satisfied,Uncertain,Very Satisfied,Satisfied,Satisfied,Very Satisfied,Uncertain,Satisfied,Satisfied,Very Satisfied,Very Satisfied,Very Satisfied,Satisfied,Very Satisfied,Satisfied,Satisfied,Very Satisfied,Satisfied,Satisfied,Very Satisfied,Very Satisfied
2019/05/15 12:25:10 PM GMT+5,Satisfied,Satisfied,Satisfied,Satisfied,Satisfied,Satisfied,Satisfied,Satisfied,Satisfied,Satisfied,Satisfied,Satisfied,Satisfied,Satisfied,Satisfied,Satisfied,Satisfied,Satisfied,Satisfied,Satisfied,Satisfied,Satisfied
2019/05/15 12:33:53 PM GMT+5,Satisfied,Satisfied,Satisfied,Satisfied,Satisfied,Satisfied,Satisfied,Satisfied,Satisfied,Satisfied,Satisfied,Satisfied,Satisfied,Satisfied,Satisfied,Satisfied,Satisfied,Satisfied,Satisfied,Satisfied,Satisfied,Satisfied
2019/05/15 12:41:38 PM GMT+5,Satisfied,Satisfied,Satisfied,Satisfied,Satisfied,Satisfied,Satisfied,Satisfied,Satisfied,Satisfied,Satisfied,Satisfied,Satisfied,Satisfied,Satisfied,Satisfied,Satisfied,Satisfied,Satisfied,Satisfied,Satisfied,Satisfied
2019/05/15 12:44:06 PM GMT+5,Satisfied,Satisfied,Satisfied,Satisfied,Satisfied,Satisfied,Satisfied,Satisfied,Satisfied,Satisfied,Satisfied,Satisfied,Satisfied,Satisfied,Satisfied,Satisfied,Satisfied,Satisfied,Satisfied,Satisfied,Satisfied,Satisfied
2019/05/15 12:45:58 PM GMT+5,Satisfied,Satisfied,Satisfied,Satisfied,Satisfied,Satisfied,Satisfied,Satisfied,Satisfied,Satisfied,Satisfied,Satisfied,Satisfied,Satisfied,Satisfied,Satisfied,Satisfied,Satisfied,Satisfied,Satisfied,Satisfied,Satisfied
2019/05/15 12:48:04 PM GMT+5,Satisfied,Satisfied,Satisfied,Satisfied,Satisfied,Satisfied,Satisfied,Satisfied,Satisfied,Satisfied,Satisfied,Satisfied,Satisfied,Satisfied,Satisfied,Satisfied,Satisfied,Satisfied,Satisfied,Satisfied,Satisfied,Satisfied
2019/05/15 1:16:56 PM GMT+5,Satisfied,Satisfied,Satisfied,Satisfied,Satisfied,Satisfied,Satisfied,Satisfied,Satisfied,Satisfied,Satisfied,Satisfied,Satisfied,Satisfied,Satisfied,Satisfied,Satisfied,Satisfied,Satisfied,Satisfied,Satisfied,Satisfied
2019/05/15 6:01:25 PM GMT+5,Satisfied,Satisfied,Satisfied,Satisfied,Satisfied,Satisfied,Satisfied,Satisfied,Satisfied,Satisfied,Satisfied,Satisfied,Satisfied,Satisfied,Satisfied,Satisfied,Satisfied,Satisfied,Satisfied,Satisfied,Satisfied,Satisfied
2019/05/15 6:03:36 PM GMT+5,Satisfied,Satisfied,Satisfied,Satisfied,Satisfied,Satisfied,Satisfied,Satisfied,Satisfied,Satisfied,Satisfied,Satisfied,Satisfied,Satisfied,Satisfied,Satisfied,Satisfied,Satisfied,Satisfied,Satisfied,Satisfied,Satisfied
2019/05/17 2:07:00 PM GMT+5,Very Satisfied,Satisfied,Satisfied,Satisfied,Very Satisfied,Satisfied,Very Satisfied,Very Satisfied,Very Satisfied,Satisfied,Very Satisfied,Very Satisfied,Satisfied,Uncertain,Very Satisfied,Very Satisfied,Satisfied,Satisfied,Very Satisfied,Satisfied,Very Satisfied,Satisfied
2019/05/19 11:34:53 PM GMT+5,Satisfied,Satisfied,Satisfied,Uncertain,Dissatisfied,Very Satisfied,Satisfied,Satisfied,Uncertain,Satisfied,Uncertain,Dissatisfied,Very Dissatisfied,Very Dissatisfied,Uncertain,Uncertain,Uncertain,Uncertain,Uncertain,Uncertain,Uncertain,Uncertain
2019/05/23 2:39:06 PM GMT+5,Satisfied,Satisfied,Very Satisfied,Very Satisfied,Satisfied,Very Satisfied,Satisfied,Dissatisfied,Uncertain,Satisfied,Satisfied,Satisfied,Satisfied,Satisfied,Uncertain,Uncertain,Uncertain,Uncertain,Uncertain,Uncertain,Uncertain,Uncertain
2019/05/23 2:39:19 PM GMT+5,Satisfied,Satisfied,Very Satisfied,Very Satisfied,Satisfied,Very Satisfied,Satisfied,Dissatisfied,Uncertain,Satisfied,Satisfied,Satisfied,Satisfied,Satisfied,Uncertain,Uncertain,Uncertain,Uncertain,Uncertain,Uncertain,Uncertain,Uncertain
2019/05/23 2:40:46 PM GMT+5,Satisfied,Satisfied,Very Satisfied,Very Satisfied,Satisfied,Very Satisfied,Satisfied,Dissatisfied,Uncertain,Satisfied,Satisfied,Satisfied,Satisfied,Satisfied,Uncertain,Uncertain,Uncertain,Uncertain,Uncertain,Uncertain,Uncertain,Uncertain
2019/05/23 11:21:35 PM GMT+5,Satisfied,Satisfied,Satisfied,Satisfied,Satisfied,Satisfied,Satisfied,Satisfied,Satisfied,Satisfied,Satisfied,Satisfied,Satisfied,Satisfied,Satisfied,Satisfied,Satisfied,Satisfied,Satisfied,Satisfied,Satisfied,Satisfied
2019/05/24 6:02:24 PM GMT+5,Satisfied,Satisfied,Satisfied,Satisfied,Satisfied,Satisfied,Satisfied,Satisfied,Satisfied,Satisfied,Satisfied,Satisfied,Satisfied,Satisfied,Satisfied,Satisfied,Satisfied,Satisfied,Satisfied,Satisfied,Satisfied,Satisfied
